,BODYFAT,AGE,WEIGHT,HEIGHT,NECK,CHEST,THIGH,KNEE,ANKLE,BICEPS,FOREARM,WRIST
count,252.0,252.0,252.0,252.0,252.0,252.0,252.0,252.0,252.0,252.0,252.0,252.0
mean,-0.00615415657788538,0.10328332246140463,0.051488095238095236,0.06969246031746032,-0.010642135642135711,0.09906237627326016,0.05168103987001622,0.021186440677966104,0.11904761904761871,0.0498436748436756,-0.009038800705467111,-0.06481481481481546
std,0.6538243598942906,0.6905227245324858,0.718379462810997,0.6645089848144282,0.7609024359083585,0.7403062387017825,0.781545021156718,0.7869995304577545,0.7017722909327511,0.717221132155347,0.7270207971088067,0.7592858012254355
min,-1.6101694915254237,-1.1506849315068493,-1.5263157894736843,-1.9375,-2.0289256198347116,-1.8458049886621337,-1.8582677165354342,-1.8644067796610198,-1.8499999999999996,-1.7575757575757582,-2.0185185185185186,-2.083333333333333
25%,-0.5254237288135593,-0.3972602739726027,-0.4605263157894737,-0.4375,-0.5289256198347114,-0.4807256235827669,-0.4724409448818902,-0.5169491525423737,-0.40000000000000036,-0.4484848484848484,-0.5185185185185182,-0.583333333333333
50%,0.0,0.0,0.0,0.0,0.0,-6.444497713253838e-16,0.0,0.0,0.0,8.621575675604731e-16,0.0,0.0
75%,0.47457627118644075,0.6027397260273972,0.5394736842105263,0.5625,0.47107438016528913,0.5192743764172332,0.5275590551181103,0.48305084745762744,0.5999999999999996,0.5515151515151521,0.4814814814814819,0.4166666666666669
max,1.974576271186441,2.0821917808219177,2.039473684210526,1.9375,1.9710743801652875,2.019274376417234,2.0275590551181097,1.983050847457628,2.0999999999999996,2.0515151515151513,1.9814814814814812,1.9166666666666683
