,IDNO,BODYFAT,DENSITY,AGE,WEIGHT,HEIGHT,ADIPOSITY,NECK,CHEST,ABDOMEN,HIP,THIGH,KNEE,ANKLE,BICEPS,FOREARM,WRIST
count,252.0,252.0,252.0,252.0,252.0,252.0,252.0,252.0,252.0,252.0,252.0,252.0,252.0,252.0,252.0,252.0,252.0
mean,126.5,18.938492063492063,1.0555738095238094,44.88492063492063,178.92440476190475,70.14880952380952,25.436904761904763,37.992063492063494,100.82420634920635,92.55595238095238,99.9047619047619,59.405952380952385,38.59047619047619,23.10238095238095,32.2734126984127,28.663888888888895,18.229761904761904
std,72.89032857656768,7.750855659481735,0.019031434171520773,12.602039722717864,29.38915988536906,3.6628557876803174,3.648110784184386,2.430913234019508,8.43047553192002,10.783076801381705,7.164057666842289,5.249952028401044,2.411804587018756,1.6948933981786372,3.0212737512508645,2.0206911650269284,0.9335849289587035
min,1.0,0.0,0.995,22.0,118.5,29.5,18.1,31.1,79.3,69.4,85.0,47.2,33.0,19.1,24.8,21.0,15.8
25%,63.75,12.8,1.0414,35.75,159.0,68.25,23.1,36.4,94.35000000000001,84.57499999999999,95.5,56.0,36.975,22.0,30.2,27.3,17.6
50%,126.5,19.0,1.0549,43.0,176.5,70.0,25.05,38.0,99.65,90.95,99.3,59.0,38.5,22.8,32.05,28.7,18.3
75%,189.25,24.6,1.0704,54.0,197.0,72.25,27.325,39.425,105.375,99.325,103.525,62.349999999999994,39.925,24.0,34.324999999999996,30.0,18.8
max,252.0,45.1,1.1089,81.0,363.15,77.75,48.9,51.2,136.2,148.1,147.7,87.3,49.1,33.9,45.0,34.9,21.4
